epoch,loss,alignment,uniformity,output_std,effective_rank
0,-0.8507712144118089,0.01454368606209755,-0.017617367208003998,0.009333650581538677,1.253851294517517
1,-0.9533009681946192,0.0355178602039814,-0.013195407576858997,0.005852498114109039,1.5994133949279785
2,-0.9562694726846157,0.0879344791173935,-0.020246358588337898,0.015829775482416153,1.5205063819885254
3,-0.9081132323313982,0.1985819786787033,-0.07209248840808868,0.031013010069727898,1.091784119606018
4,-0.9639622113643549,0.19513873755931854,-0.07125070691108704,0.0316745787858963,1.0237370729446411
5,-0.97066139624669,0.017675844952464104,-0.01237737201154232,0.01142573356628418,1.3358772993087769
6,-0.9792278225605304,0.001365636009722948,-0.0029110920149832964,0.002376845572143793,4.047112941741943
7,-0.9689813522192148,0.025188807398080826,-0.012155501171946526,0.011377980932593346,1.3947422504425049
8,-0.974256522838886,0.011976592242717743,-0.013191059231758118,0.009214929305016994,1.3891372680664062
9,-0.9745241583921971,0.024585451930761337,-0.018279915675520897,0.01573844999074936,1.311793327331543
10,-0.9632745975103134,0.04023513197898865,-0.006901540793478489,0.008172934874892235,1.3968424797058105
11,-0.9729971696168949,0.001147539704106748,-0.002707627136260271,0.002287680981680751,2.8237791061401367
12,-0.9797367664483877,0.04809625446796417,-0.03092469461262226,0.020698420703411102,1.0756250619888306
13,-0.9384386802330995,0.23477688431739807,-0.08073049783706665,0.03433098644018173,1.032349944114685
14,-0.9610169875316131,0.04896218329668045,-0.013528489507734776,0.011611629277467728,1.4558453559875488
15,-0.969899180607918,0.048059917986392975,-0.013042616657912731,0.013597439974546432,1.128922462463379
16,-0.9773293825296255,0.047583624720573425,-0.009616450406610966,0.011193385347723961,1.1906788349151611
17,-0.9692144818795033,0.07224293053150177,-0.016296975314617157,0.015616873279213905,1.076625943183899
18,-0.972547189394633,0.03941967710852623,-0.012589393183588982,0.013562032021582127,1.079530119895935
19,-0.977932318357321,0.0010984614491462708,-0.0025878625456243753,0.0022297215182334185,2.3561079502105713
20,-0.9794129686477857,0.01612381637096405,-0.0013015392469242215,0.0015787072479724884,2.255618095397949
21,-0.9790915675652333,0.008241628296673298,-0.001021549222059548,0.001400085398927331,2.960106372833252
22,-0.9548097155033014,0.03204264119267464,-0.013575615361332893,0.013644012622535229,1.1339024305343628
23,-0.9687340048643259,0.05526193603873253,-0.013553320430219173,0.013638452626764774,1.3343559503555298
24,-0.9774648525776007,0.007992583326995373,-0.004381705541163683,0.007870510220527649,1.3283021450042725
25,-0.9709082077711056,0.055050551891326904,-0.012936401180922985,0.013498611748218536,1.2690794467926025
26,-0.9771801114082337,0.08593815565109253,-0.012119964696466923,0.013531938195228577,1.2291615009307861
27,-0.9761042069166135,0.04689830541610718,-0.019714292138814926,0.01740902289748192,1.0471100807189941
28,-0.9747194409370422,0.03911986202001572,-0.011900382116436958,0.013516626320779324,1.1346044540405273
29,-0.96917807444548,0.031719427555799484,-0.009106971323490143,0.01112833246588707,1.0591410398483276
30,-0.9793853747539031,0.05484985560178757,-0.012128833681344986,0.013532709330320358,1.206459641456604
31,-0.9607371955345838,0.13343486189842224,-0.049396853893995285,0.026882275938987732,1.0540612936019897
32,-0.9586875811601296,0.046946316957473755,-0.027534781023859978,0.020555008202791214,1.0642050504684448
33,-0.9638719054368826,0.07041898369789124,-0.02381553128361702,0.019059449434280396,1.2261216640472412
34,-0.9603967321224701,0.07866142690181732,-0.02895599789917469,0.020633190870285034,1.0312901735305786
35,-0.974337540834378,0.05483950674533844,-0.008145274594426155,0.011065719649195671,1.016645908355713
36,-0.951945587916252,9.330939064966515e-05,-0.0002283118519699201,0.0006460398435592651,2.4262139797210693
37,-0.968167801698049,0.07060166448354721,-0.02837255224585533,0.020584363490343094,1.1992762088775635
38,-0.9607344074127001,0.015772614628076553,-0.008188722655177116,0.011068053543567657,1.4047555923461914
39,-0.9732299826084039,0.12440222501754761,-0.055179793387651443,0.028870368376374245,1.0505480766296387
40,-0.973527411925487,0.04693103954195976,-0.011912325397133827,0.013513024896383286,1.2314244508743286
41,-0.9797885228426029,0.039143890142440796,-0.011928853578865528,0.013518642634153366,1.2726516723632812
42,-0.9811154796526982,0.023502232506871223,-0.00015581867774017155,0.0005426409188657999,2.1940486431121826
43,-0.9791654186371045,0.015698548406362534,-0.004087385721504688,0.007834145799279213,1.8871266841888428
44,-0.9808578592080336,0.03913763165473938,-0.015828346833586693,0.015589963644742966,1.0481147766113281
45,-0.9755799990433913,0.14094889163970947,-0.03233128786087036,0.021987713873386383,1.0414402484893799
46,-0.9495119015375774,0.4461933970451355,-0.16757279634475708,0.04822033643722534,1.2025631666183472
47,-0.9444140327282441,0.00029944878770038486,-0.0007547006825916469,0.0011373304296284914,2.9306538105010986
48,-0.9738622008225857,0.01658344641327858,-0.002163603436201811,0.001973597100004554,2.881561517715454
49,-0.9791510523893894,0.02371736615896225,-0.016330236569046974,0.0156205203384161,1.0699105262756348
50,-0.9809761991867653,0.023455461487174034,-0.004294843412935734,0.007859687320888042,1.7112462520599365
51,-0.9779098458779164,0.015952687710523605,-0.0006883128662593663,0.0011519883992150426,2.1353418827056885
52,-0.9629552318499639,0.00040193076711148024,-0.0011340250493958592,0.0014052765909582376,4.601547718048096
53,-0.9730681242086948,0.01576671004295349,-0.008178326301276684,0.011068462394177914,1.1113245487213135
54,-0.9816988562926268,0.03138190507888794,-0.0042690434493124485,0.00785631500184536,1.3830007314682007
55,-0.974903296201657,0.03157952427864075,-0.008622580207884312,0.01110704243183136,1.171852469444275
56,-0.9826229052665906,0.06291293352842331,-0.016616547480225563,0.015636900439858437,1.1651360988616943
57,-0.9827500205773574,0.00021448048937600106,-0.00046114824363030493,0.000937771750614047,2.1033084392547607
58,-0.9828225658490107,0.007976251654326916,-0.00039710538112558424,0.0008599074790254235,1.9682915210723877
59,-0.9819240814600235,0.04752032458782196,-0.012027722783386707,0.013525109738111496,1.091464877128601
60,-0.9831138742275727,0.03171201050281525,-0.013215218670666218,0.013627588748931885,1.2141427993774414
61,-0.9633258296893193,0.02405669167637825,-0.016662606969475746,0.01563512720167637,1.094817876815796
62,-0.9748242219289144,0.082334503531456,-0.049687907099723816,0.026552053168416023,1.0210764408111572
63,-0.9765385707219442,0.00019312850781716406,-0.004220199305564165,0.007747001480311155,1.7773504257202148
64,-0.979438545459356,0.06256242096424103,-0.01580055244266987,0.015587550587952137,1.0572651624679565
65,-0.9793230448013697,0.023505065590143204,-0.011887896806001663,0.013515142723917961,1.0509250164031982
66,-0.9827407103318434,0.01570597104728222,-0.00802401639521122,0.01105480082333088,1.101757526397705
67,-0.9832177397532341,0.01572459377348423,-0.0002655739663168788,0.0007070780266076326,1.718438744544983
68,-0.9822136478546338,0.015707552433013916,-0.011944596655666828,0.013519562780857086,1.069914698600769
69,-0.9822827712083474,0.054752420634031296,-0.015810726210474968,0.015588569454848766,1.00545072555542
70,-0.9846204742407187,7.219129474833608e-05,-0.0001519437792012468,0.0005390425794757903,1.611684799194336
71,-0.9841775585443545,0.015685565769672394,-0.0040495023131370544,0.00782940723001957,1.3302674293518066
72,-0.984349302145151,0.02349136769771576,-0.0040550678968429565,0.007830015383660793,1.0384689569473267
73,-0.9832271572871086,0.01580793783068657,-0.0004331215168349445,0.0009088801452890038,1.9582747220993042
74,-0.9799240118417984,0.0236051045358181,-0.004372665658593178,0.00786629319190979,1.0045185089111328
75,-0.9816799594805791,0.03173885866999626,-0.008000463247299194,0.011052286252379417,1.005974531173706
76,-0.9819293245291099,0.04698198288679123,-0.004492105450481176,0.007881754077970982,1.1767381429672241
77,-0.9823054497058575,0.03129542991518974,-0.004017544910311699,0.007824787870049477,1.1935781240463257
78,-0.9810943652422001,0.00784332025796175,-8.660929597681388e-05,0.0003686183481477201,2.736873149871826
79,-0.9834026006551889,0.03908732533454895,-0.007922418415546417,0.011042799800634384,1.0025938749313354
80,-0.9840896618671906,0.015518492087721825,-0.004006473813205957,0.007819851860404015,1.0129541158676147
81,-0.9841077660902953,0.009757363237440586,-0.0040152110159397125,0.007820306345820427,1.005724549293518
82,-0.9844598057942513,0.02349708043038845,-0.01572086662054062,0.015576709061861038,1.0012552738189697
83,-0.984729435810676,0.015637140721082687,-0.003990734927356243,0.00780204962939024,1.4748589992523193
84,-0.9850500684518081,0.007857462391257286,-0.00010729411587817594,0.0004182856937404722,2.3194355964660645
85,-0.9823124393438681,0.06110183149576187,-0.007912865839898586,0.01043564174324274,1.1350888013839722
86,-0.984052752225827,0.012445616535842419,-0.007647175341844559,0.009019452147185802,1.2707749605178833
87,-0.9834290727590903,0.015639252960681915,-0.003965361509472132,0.00781290140002966,1.1890186071395874
88,-0.9835983991622925,0.015592511743307114,-0.0040092263370752335,0.007823547348380089,1.1588720083236694
89,-0.9834141003779876,0.03927985578775406,-0.01962159015238285,0.017396513372659683,1.0052886009216309
90,-0.9840048640202254,0.02346220053732395,-0.007888534106314182,0.011041199788451195,1.0032308101654053
91,-0.9842811859571017,0.00019447515660431236,-0.0006868813652545214,0.0010529090650379658,1.8825130462646484
92,-0.9845920388515179,0.046891629695892334,-0.007894902490079403,0.011041347868740559,1.0020403861999512
93,-0.9848497274594429,0.03907965123653412,-0.015701310709118843,0.015580862760543823,1.0050768852233887
94,-0.984402208450513,2.5839673980954103e-05,-6.258683424675837e-05,0.0003240951045881957,2.7399470806121826
95,-0.9844306313074552,0.04689283296465874,-0.02352135442197323,0.019042562693357468,1.0050181150436401
96,-0.9843479835070097,0.054700642824172974,-0.023540638387203217,0.019043415784835815,1.0011823177337646
97,-0.9840847376065377,0.015654588118195534,-0.00792926736176014,0.011043509468436241,1.0045082569122314
98,-0.9842444646052825,0.0040711769834160805,-0.011791815981268883,0.012849714607000351,1.0039485692977905
99,-0.9842809136097248,0.04656852036714554,-0.015714751556515694,0.015491088852286339,1.0051183700561523
